,Id,y
0,10000,-66.00242349023156
1,s,451.40650440115326
2,10002,-461.6764170602977
3,a,40.50120875372457
4,10004,-126.74472245403831
5,x,-342.5345518192521
6,10006,-396.55554211358844
7,s,335.54127907908713
